min_lat,min_lon,max_lat,max_lon
14.408617,45.9740637,14.755332,46.1459968  
